Feature,Correlation
MedInc,0.6880752079585484
AveRooms,0.15194828974145738
HouseAge,0.10562341249321128
AveOccup,-0.023737412956134355
Population,-0.02464967888889485
Longitude,-0.04596661511798309
AveBedrms,-0.046700512969486685
Latitude,-0.14416027687465632
