model,data,r^2,mae,mse
Linear regression,Train,0.6125511913966952,0.5286283596581922,0.5179331255246699
Linear regression,Test,0.5757877060324508,0.5332001304956553,0.5558915986952444
Polynomial regression,Train,0.6125511913966952,0.5286283596581922,0.5179331255246699
Polynomial regression,Test,0.6456819727519338,0.4670009334741879,0.4643015240584696
Ridge regression,Train,0.6125511913966952,0.5286283596581922,0.5179331255246699
Ridge regression,Test,0.5764371559180015,0.533243256579863,0.5550405537343011
