model,data,r^2,mae,mse,rmse
Linear regression,Train,0.6125511913966952,0.5286283596581922,0.5179331255246699,0.7196757085831575
Linear regression,Test,0.5757877060324508,0.5332001304956553,0.5558915986952444,0.7455813830127764
Polynomial regression,Train,0.6852681982344968,0.46083793691593683,0.4207266151573537,0.6486344233521327
Polynomial regression,Test,0.6456819727519338,0.4670009334741879,0.4643015240584696,0.6813967449720241
Ridge regression,Train,0.6125447494851415,0.5287380408095502,0.5179417369316771,0.7196816913967432
Ridge regression,Test,0.5764371559180015,0.533243256579863,0.5550405537343011,0.7450104386747216
